frame_nmr,track_id,plate_bbox,det_conf,license_number,license_number_score,ocr_conf,vehicle_type,layout,raw_ocr
1,0,"122,378,259,481",0.927481,,0.0,0.0,,0,
2,0,"122,378,260,481",0.927799,29-A0 399.99,9.807454,0.922982,motorbike,2,29.A0|399.99
3,0,"120,377,259,482",0.928913,,0.0,0.0,,0,
4,0,"119,378,259,482",0.928744,29-A0 399.99,9.695721,0.998289,motorbike,2,29AD|399.99
5,0,"119,378,257,481",0.928013,,0.0,0.0,,0,
6,0,"118,379,256,482",0.926882,29-A0 399.99,9.689427,0.995771,motorbike,2,29-AD|399.99
7,0,"118,379,256,482",0.926932,,0.0,0.0,,0,
8,0,"117,379,256,482",0.925877,29-A0 399.99,9.690942,0.996377,motorbike,2,29-AD|399.99
9,0,"117,379,256,483",0.925713,,0.0,0.0,,0,
10,0,"116,379,255,483",0.92619,29-A0 399.99,9.69054,0.996216,motorbike,2,29-AD|39999
11,0,"114,379,255,484",0.926339,,0.0,0.0,,0,
12,0,"114,379,254,484",0.925341,29-A0 399.99,9.656771,0.982709,motorbike,2,29-AD|399.99
13,0,"114,379,253,484",0.925862,,0.0,0.0,,0,
14,0,"112,379,252,485",0.924984,29-A0 399.99,9.672199,0.98888,motorbike,2,29-AD|399.99
15,0,"113,380,252,485",0.924022,,0.0,0.0,,0,
16,0,"112,379,252,485",0.924038,29-A0 399.99,9.653376,0.981351,motorbike,2,29-AD|399.99
17,0,"109,379,251,485",0.927872,,0.0,0.0,,0,
18,0,"107,379,249,485",0.928204,29-A0 399.99,9.68636,0.994544,motorbike,2,29-AD|399.99
19,0,"107,380,246,486",0.927106,,0.0,0.0,,0,
20,0,"104,380,245,486",0.925515,29-A0 399.99,9.691659,0.996664,motorbike,2,29-AD|399.99
21,0,"103,380,244,486",0.928354,,0.0,0.0,,0,
22,0,"101,380,242,486",0.925896,29-A0 399.99,9.647439,0.978976,motorbike,2,29-AD|399.99
23,0,"100,379,241,486",0.9238,,0.0,0.0,,0,
24,0,"98,380,240,485",0.924694,29-A0 399.99,9.634545,0.973818,motorbike,2,29-AD|399.99
25,0,"97,378,239,485",0.925516,,0.0,0.0,,0,
26,0,"94,378,238,485",0.925692,29-A0 399.99,9.698569,0.999427,motorbike,2,29AD|399.99
27,0,"92,377,236,484",0.92505,,0.0,0.0,,0,
28,0,"91,377,235,484",0.925522,29-A0 399.99,9.68548,0.994192,motorbike,2,29-AD|399.99
29,0,"91,377,233,484",0.924322,,0.0,0.0,,0,
30,0,"88,377,231,484",0.925543,29-A0 399.99,9.660525,0.98421,motorbike,2,29-AD|399.99
31,0,"87,377,229,483",0.928232,,0.0,0.0,,0,
32,0,"83,376,227,483",0.9281,29A-399.99,9.980424,0.99217,car,2,29.A|399.99
33,0,"81,375,225,483",0.925555,,0.0,0.0,,0,
34,0,"78,374,221,483",0.928961,29-A0 599.99,9.645412,0.978165,motorbike,2,29.AD|599.99
35,0,"76,373,218,482",0.930843,,0.0,0.0,,0,
36,0,"73,373,216,481",0.929206,29-A0 399.99,9.692809,0.997124,motorbike,2,29-AD|399.99
37,0,"71,373,214,482",0.926734,,0.0,0.0,,0,
38,0,"66,373,210,482",0.932974,29-A0 399.99,9.69498,0.997992,motorbike,2,29-AD|399.99
39,0,"64,373,208,482",0.934508,,0.0,0.0,,0,
40,0,"62,373,205,483",0.930404,23A-339.99,9.985376,0.99415,car,2,23.A|33999
41,0,"58,374,203,483",0.930032,,0.0,0.0,,0,
42,0,"56,374,198,485",0.929337,29-A0 399.99,9.678848,0.991539,motorbike,2,29.AD|399.99
43,0,"50,374,194,485",0.930817,,0.0,0.0,,0,
44,0,"46,375,189,487",0.930856,29A-399.99,9.963773,0.985509,car,2,29.A|399.99
44,1,"441,329,479,415",0.701719,,0.0,0.0,,0,
45,0,"43,376,185,488",0.931852,,0.0,0.0,,0,
45,1,"437,328,480,415",0.812156,,0.0,0.0,,0,
46,0,"37,377,182,488",0.928465,29-A0 353.99,9.696553,0.998621,motorbike,2,29.AD|353.99
46,1,"433,328,480,417",0.818684,,0.0,0.0,,0,
47,0,"31,377,177,489",0.930287,,0.0,0.0,,0,
47,1,"429,329,480,417",0.851077,,0.0,0.0,,0,
48,0,"26,379,173,491",0.929912,29-A0 399.99,9.689995,0.995998,motorbike,2,29.AD|399.99
48,1,"426,328,480,417",0.894264,,0.0,0.0,,0,
49,0,"22,379,169,493",0.931826,,0.0,0.0,,0,
49,1,"422,327,479,416",0.895207,,0.0,0.0,,0,
50,0,"16,380,165,494",0.925921,29A-399.99,9.977276,0.99091,car,2,29.A|399.99
50,1,"419,328,479,417",0.904146,29F-1122,7.027195,0.730878,car,2,29F|1L22
51,0,"11,381,160,495",0.931535,,0.0,0.0,,0,
51,1,"416,327,479,417",0.9079,,0.0,0.0,,0,
52,0,"6,382,155,495",0.927569,29-A0 391.99,9.475972,0.910389,motorbike,2,29-AD|391.99
52,1,"413,327,479,417",0.911735,,0.0,0.0,,0,
53,0,"3,383,152,497",0.929264,,0.0,0.0,,0,
53,1,"410,326,480,417",0.916571,,0.0,0.0,,0,
54,0,"2,383,146,499",0.928939,29-A0 399.99,9.668728,0.987491,motorbike,2,29-AD|39999
54,1,"406,324,479,417",0.918348,,0.0,0.0,,0,
55,0,"2,384,141,500",0.924862,,0.0,0.0,,0,
55,1,"402,322,479,417",0.919961,,0.0,0.0,,0,
56,0,"1,384,134,499",0.928671,29-A0 399.99,9.610867,0.964347,motorbike,2,29AD|399.99
56,1,"397,320,479,416",0.918654,29Y-125.27,8.937671,0.695068,car,2,29.Y|L2527
57,0,"1,385,129,501",0.93125,,0.0,0.0,,0,
57,1,"392,319,479,417",0.919161,,0.0,0.0,,0,
58,0,"1,385,121,500",0.926174,29-A0 9999,8.085668,0.954267,motorbike,2,29-AD|99.99
58,1,"388,318,479,418",0.921182,29Y-142.57,9.311284,0.724514,car,2,29.Y|14257
59,0,"3,385,113,500",0.925819,,0.0,0.0,,0,
59,1,"383,318,479,419",0.920041,,0.0,0.0,,0,
60,0,"0,386,105,503",0.921701,97-A0 1999,7.367045,0.666818,motorbike,2,9740.|19.99
60,1,"376,318,479,420",0.920316,29-Y1 425.25,9.627851,0.85114,motorbike,2,29-Y1|42525
61,1,"368,319,479,422",0.922302,,0.0,0.0,,0,
61,0,"1,389,95,504",0.913921,,0.0,0.0,,0,
62,1,"362,317,479,426",0.924073,29-Y1 425.75,9.689709,0.875883,motorbike,2,29-Y1|42575
62,0,"1,388,85,507",0.829914,,0.0,0.0,,0,
63,1,"357,322,477,430",0.929485,,0.0,0.0,,0,
64,1,"350,330,473,431",0.927406,29-Y1 425.25,9.555313,0.822125,motorbike,2,29-Y1|42525
65,1,"343,332,465,434",0.931242,,0.0,0.0,,0,
66,1,"338,337,457,438",0.927673,29-Y1 125.75,9.086919,0.754768,motorbike,2,29.Y1|L2575
67,1,"330,342,450,442",0.923025,,0.0,0.0,,0,
68,1,"323,347,444,448",0.933382,29-Y1 425.75,9.857041,0.942817,motorbike,2,29.Y1|425.75
69,1,"317,352,436,451",0.930958,,0.0,0.0,,0,
70,1,"311,357,431,456",0.925924,29-Y1 425.75,9.824739,0.929896,motorbike,2,29-Y1|42575
71,1,"304,362,426,461",0.927775,,0.0,0.0,,0,
72,1,"297,362,422,467",0.924699,29-Y1 425.25,9.724786,0.889915,motorbike,2,29-Y1|42525
73,1,"292,366,416,472",0.925135,,0.0,0.0,,0,
74,1,"288,371,413,475",0.926743,29-Y1 425.75,9.886014,0.954406,motorbike,2,29.Y1|42575
75,1,"284,375,409,478",0.930095,,0.0,0.0,,0,
76,1,"282,382,403,479",0.928588,29-Y1 425.75,9.978746,0.991499,motorbike,2,29-Y1|425.75
77,1,"278,386,400,482",0.926362,,0.0,0.0,,0,
78,1,"274,389,396,485",0.930705,29-Y1 425.75,9.931862,0.972745,motorbike,2,29-Y1|425.75
79,1,"271,394,392,487",0.929923,,0.0,0.0,,0,
80,1,"267,396,389,489",0.925813,29-Y1 425.75,9.700374,0.88015,motorbike,2,29.Y1|425.75
81,1,"264,397,386,490",0.922975,,0.0,0.0,,0,
82,1,"260,398,383,492",0.926339,29-Y1 425.75,9.694446,0.877778,motorbike,2,29-Y1|425.75
83,1,"257,399,381,493",0.929895,,0.0,0.0,,0,
84,1,"256,400,380,493",0.927813,29-Y1 425.75,9.883596,0.953439,motorbike,2,29-Y1|425.75
85,1,"253,399,377,494",0.922502,,0.0,0.0,,0,
86,1,"252,400,376,493",0.918276,29-Y1 425.75,9.845294,0.938118,motorbike,2,29-Y1|425.75
87,1,"248,400,373,493",0.91864,,0.0,0.0,,0,
88,1,"247,400,372,492",0.920016,29-Y1 425.75,9.635878,0.854351,motorbike,2,29-Y1|425.75
89,1,"245,399,369,490",0.922844,,0.0,0.0,,0,
90,1,"243,398,366,488",0.92247,29-Y1 125.25,9.545461,0.938184,motorbike,2,29-Y1|L25.25
91,1,"238,398,362,486",0.928221,,0.0,0.0,,0,
92,1,"236,395,360,486",0.927973,29-Y1 425.75,9.876703,0.950681,motorbike,2,29-Y1|425.75
93,1,"230,392,356,484",0.92258,,0.0,0.0,,0,
94,1,"226,392,351,482",0.922457,29-Y1 425.75,9.779518,0.911807,motorbike,2,29-Y1|425.75
95,1,"224,391,348,481",0.924344,,0.0,0.0,,0,
96,1,"217,391,342,480",0.926849,29-Y1 125.75,9.570437,0.948175,motorbike,2,29-Y1|L25.75
97,1,"213,390,338,479",0.928134,,0.0,0.0,,0,
98,1,"206,389,332,479",0.924912,29-Y1 125.25,9.457648,0.903059,motorbike,2,29-Y1|L25.25
99,1,"202,390,327,479",0.925856,,0.0,0.0,,0,
100,1,"194,391,321,479",0.925274,29-Y1 425.75,9.629576,0.85183,motorbike,2,29-Y1|42575
101,1,"186,389,315,480",0.923101,,0.0,0.0,,0,
102,1,"179,387,308,481",0.92227,23-Y1 425.75,9.844794,0.937918,motorbike,2,23-Y1|425.75
103,1,"173,389,301,479",0.925813,,0.0,0.0,,0,
104,1,"164,389,293,480",0.921916,25-T1 425.75,9.333565,0.733426,motorbike,2,25T1|42575
105,1,"156,388,286,482",0.925192,,0.0,0.0,,0,
106,1,"148,388,278,483",0.925179,29-Y1 425.25,9.757038,0.902815,motorbike,2,29Y1|425.25
107,1,"140,389,271,482",0.924999,,0.0,0.0,,0,
108,1,"136,389,265,481",0.923982,29-Y1 425.25,9.646127,0.858451,motorbike,2,29Y1|42525
109,1,"128,388,258,480",0.922769,,0.0,0.0,,0,
110,1,"118,384,251,481",0.921239,29-T1 252.54,7.88647,0.754588,motorbike,2,29-T1|1425.254
111,1,"110,382,247,481",0.919155,,0.0,0.0,,0,
112,1,"103,378,240,478",0.921546,29M-425.75,9.299755,0.719902,car,2,29.M|425.75
113,1,"101,380,233,472",0.917785,,0.0,0.0,,0,
114,1,"94,373,229,472",0.919582,29-T1 425.75,9.39399,0.757596,motorbike,2,29T1|42575
115,1,"91,373,223,467",0.930408,,0.0,0.0,,0,
115,2,"439,432,480,518",0.824542,,0.0,0.0,,0,
116,1,"86,370,219,465",0.925746,29T-425.25,9.469625,0.78785,car,2,29T|425.25
116,2,"436,429,480,516",0.8646,,0.0,0.0,,0,
117,1,"81,367,215,463",0.921967,,0.0,0.0,,0,
117,2,"433,426,480,515",0.878463,,0.0,0.0,,0,
118,1,"74,364,212,461",0.922462,29T-425.75,9.798952,0.919581,car,2,29T|425.75
118,2,"430,423,480,516",0.889949,,0.0,0.0,,0,
119,1,"71,362,208,461",0.924066,,0.0,0.0,,0,
119,2,"425,421,480,517",0.90483,,0.0,0.0,,0,
120,1,"68,361,205,458",0.921343,29-Y3 425.25,9.741348,0.896539,motorbike,2,29-Y3-|42525
120,2,"423,421,480,514",0.915377,,0.0,0.0,,0,
121,1,"64,357,201,459",0.924103,,0.0,0.0,,0,
121,2,"419,421,480,514",0.915566,,0.0,0.0,,0,
122,1,"62,358,198,456",0.921992,29-Y1 425.75,9.785959,0.914383,motorbike,2,29-Y1|425.75
122,2,"417,420,479,514",0.916773,,0.0,0.0,,0,
123,1,"57,357,194,457",0.928688,,0.0,0.0,,0,
123,2,"415,422,479,514",0.91617,,0.0,0.0,,0,
124,1,"51,356,192,460",0.930191,29-Y1 425.75,8.694315,0.477726,motorbike,2,29-Y1|425.75
124,2,"412,422,479,513",0.919517,,0.0,0.0,,0,
125,1,"50,357,187,457",0.928716,,0.0,0.0,,0,
125,2,"409,422,479,516",0.917867,,0.0,0.0,,0,
126,1,"45,355,183,459",0.93053,29-Y1 425.75,9.96594,0.986376,motorbike,2,29-Y1|425.75
126,2,"407,420,480,517",0.920709,,0.0,0.0,,0,
127,1,"42,356,181,460",0.927422,,0.0,0.0,,0,
127,2,"403,422,480,515",0.918837,,0.0,0.0,,0,
128,1,"38,357,176,457",0.926829,29-T1 425.75,9.265438,0.706175,motorbike,2,29-T1|425.75
128,2,"400,420,480,517",0.918888,89S-1348,6.531041,0.532417,car,2,895|1348
129,1,"33,358,172,456",0.926869,,0.0,0.0,,0,
129,2,"398,422,480,515",0.921915,,0.0,0.0,,0,
130,1,"28,357,167,457",0.925851,29-T1 425.25,9.037876,0.61515,motorbike,2,29-T1|425.25
130,2,"394,422,479,514",0.922298,89E-331.37,8.894791,0.677917,car,2,89-E|33L37
131,2,"390,421,479,515",0.921407,,0.0,0.0,,0,
131,1,"21,357,163,456",0.920811,,0.0,0.0,,0,
132,1,"10,357,156,457",0.92423,29-Y1 425.75,9.218673,0.687469,motorbike,2,29Y1|425.75
132,2,"384,420,479,517",0.923332,89B-134.92,9.452327,0.900931,car,2,89-8|13492
133,2,"379,419,479,517",0.923111,,0.0,0.0,,0,
133,1,"3,355,147,456",0.922812,,0.0,0.0,,0,
134,2,"371,418,478,516",0.925831,89-B1 345.25,9.134786,0.773914,motorbike,2,89-81|34525
134,1,"3,359,141,456",0.91809,,0.0,0.0,,0,
135,2,"363,417,479,517",0.925927,,0.0,0.0,,0,
135,1,"4,359,133,456",0.923377,,0.0,0.0,,0,
136,2,"353,416,478,516",0.92119,,0.0,0.0,,0,
136,1,"1,355,123,456",0.91715,,0.0,0.0,,0,
137,2,"345,416,476,515",0.930359,,0.0,0.0,,0,
137,1,"2,354,114,456",0.921992,,0.0,0.0,,0,
138,2,"336,414,471,514",0.926998,31M-432.58,5.560702,0.304281,car,2,3531M|243258
138,1,"1,352,105,455",0.904017,,0.0,0.0,,0,
139,2,"328,411,464,513",0.93131,,0.0,0.0,,0,
139,1,"3,351,93,454",0.901889,,0.0,0.0,,0,
140,2,"320,410,453,511",0.933877,,0.0,0.0,,0,
140,1,"2,350,79,454",0.886475,,0.0,0.0,,0,
141,2,"309,409,442,511",0.928417,,0.0,0.0,,0,
141,1,"2,348,68,454",0.698328,,0.0,0.0,,0,
142,2,"299,409,433,509",0.9308,12A-9254,5.249529,0.219812,car,1,1249254
142,1,"1,345,54,453",0.718503,,0.0,0.0,,0,
143,2,"288,407,422,508",0.926123,,0.0,0.0,,0,
144,2,"276,406,412,506",0.9286,,0.0,0.0,,0,
145,2,"262,406,398,504",0.921574,,0.0,0.0,,0,
146,2,"250,405,388,505",0.921993,,0.0,0.0,,0,
147,2,"238,404,375,505",0.923568,,0.0,0.0,,0,
148,2,"227,405,363,505",0.925732,52S-033.25,7.290598,0.156239,car,2,525|D3325
149,2,"214,404,353,506",0.921174,,0.0,0.0,,0,
150,2,"203,403,344,508",0.925861,71C-132.33,6.007489,0.242996,car,2,8171C|13233
151,2,"194,402,332,507",0.926326,,0.0,0.0,,0,
152,2,"183,406,319,506",0.927839,99-B1 349.25,9.127316,0.770926,motorbike,2,99-81|349.25
153,2,"173,405,311,508",0.922597,,0.0,0.0,,0,
154,2,"164,405,302,509",0.926484,89-B1 3498,7.296575,0.63863,motorbike,2,89-81|3498
155,2,"159,406,294,506",0.925729,,0.0,0.0,,0,
156,2,"151,403,286,507",0.927475,89-B1 349.25,9.668728,0.987491,motorbike,2,89-81|349.25
157,2,"143,402,279,506",0.924426,,0.0,0.0,,0,
158,2,"138,402,273,504",0.92628,89-B1 349.25,9.674368,0.989747,motorbike,2,89-81|349.25
159,2,"130,401,268,506",0.930771,,0.0,0.0,,0,
160,2,"124,400,264,507",0.925094,89-B1 349.25,9.569823,0.947929,motorbike,2,89-81|34925
161,2,"117,401,259,505",0.927483,,0.0,0.0,,0,
162,2,"111,401,253,504",0.931656,89-B1 349.25,9.661413,0.984565,motorbike,2,89-81|349.25
163,2,"106,401,247,504",0.930107,,0.0,0.0,,0,
164,2,"102,400,243,504",0.928126,89-B1 349.25,9.671482,0.988593,motorbike,2,89-81|349.25
165,2,"97,401,239,505",0.926709,,0.0,0.0,,0,
166,2,"93,402,235,506",0.926686,89-B1 349.25,9.666772,0.986709,motorbike,2,89-81|34925
167,2,"90,402,232,506",0.928011,,0.0,0.0,,0,
168,2,"87,401,229,507",0.931095,,0.0,0.0,,0,
169,2,"84,402,227,508",0.930961,,0.0,0.0,,0,
170,2,"83,402,225,507",0.930099,,0.0,0.0,,0,
171,2,"80,402,222,506",0.927813,,0.0,0.0,,0,
172,2,"75,400,220,506",0.927578,,0.0,0.0,,0,
173,2,"72,400,217,505",0.929996,,0.0,0.0,,0,
174,2,"68,400,214,505",0.930955,,0.0,0.0,,0,
175,2,"65,400,211,506",0.934729,,0.0,0.0,,0,
176,2,"63,401,207,503",0.930699,89-B1 349.25,9.361237,0.864495,motorbike,2,89-81|349.25
177,2,"54,399,204,506",0.926372,,0.0,0.0,,0,
178,2,"51,396,199,505",0.931695,89-B1 349.25,8.818734,0.647493,motorbike,2,89-81|349.25
179,2,"48,396,192,500",0.932516,,0.0,0.0,,0,
180,2,"43,392,188,499",0.93028,42L-349.25,6.660554,0.624221,car,2,4ZLEI|349.25
181,2,"37,390,182,494",0.935455,,0.0,0.0,,0,
181,3,"439,454,480,545",0.724174,,0.0,0.0,,0,
182,2,"25,387,176,495",0.934112,,0.0,0.0,,0,
182,3,"435,452,480,545",0.687942,,0.0,0.0,,0,
183,2,"21,385,167,492",0.935578,,0.0,0.0,,0,
183,3,"427,449,480,546",0.84037,,0.0,0.0,,0,
184,2,"14,382,163,489",0.931975,47A-349.25,8.846037,0.658415,car,2,474|34925
184,3,"421,447,479,542",0.897951,,0.0,0.0,,0,
185,2,"6,379,156,486",0.931738,,0.0,0.0,,0,
185,3,"416,445,479,540",0.908259,,0.0,0.0,,0,
186,2,"4,377,149,483",0.933114,73U-349.25,8.698341,0.479336,car,2,73U|34925
186,3,"407,442,479,537",0.913594,,0.0,0.0,,0,
187,2,"2,373,144,483",0.930571,,0.0,0.0,,0,
187,3,"401,436,479,535",0.921353,,0.0,0.0,,0,
188,2,"0,372,137,479",0.929725,89-B7 349.25,8.994974,0.717989,motorbike,2,89-87|34925
188,3,"394,434,479,533",0.91238,,0.0,0.0,,0,
189,2,"0,369,132,476",0.92963,,0.0,0.0,,0,
189,3,"389,433,479,531",0.923564,,0.0,0.0,,0,
190,2,"1,367,125,474",0.939138,39-B1 1925,7.793629,0.957452,motorbike,2,39-81|L925
190,3,"382,430,479,528",0.916683,23L-7355,7.802953,0.921181,car,2,23-L|7355
191,2,"1,363,118,473",0.930782,,0.0,0.0,,0,
191,3,"376,428,478,526",0.920655,,0.0,0.0,,0,
192,2,"1,361,111,471",0.92759,98T-1925,6.564609,0.545844,car,2,9-8T|L9.25
192,3,"368,423,478,523",0.92255,,0.0,0.0,,0,
193,2,"1,359,104,467",0.925879,,0.0,0.0,,0,
193,3,"361,420,479,521",0.922681,,0.0,0.0,,0,
194,3,"356,419,478,518",0.924513,29-L1 739.56,9.26734,0.826936,motorbike,2,29-LI|739.56
194,2,"0,353,98,465",0.921449,,0.0,0.0,,0,
195,3,"351,415,477,517",0.930285,,0.0,0.0,,0,
195,2,"0,349,91,463",0.920304,,0.0,0.0,,0,
196,3,"346,415,472,513",0.931266,49U-739.56,9.034086,0.613634,car,2,49-U|739.56
196,2,"1,349,83,460",0.921989,,0.0,0.0,,0,
197,3,"340,413,465,510",0.933066,,0.0,0.0,,0,
197,2,"0,349,77,457",0.927388,,0.0,0.0,,0,
198,3,"335,411,459,506",0.924296,29Z-739.56,9.401102,0.880441,car,2,29-2|739.56
198,2,"1,344,71,455",0.924079,,0.0,0.0,,0,
199,3,"328,406,454,505",0.925016,,0.0,0.0,,0,
199,2,"0,340,64,453",0.920113,,0.0,0.0,,0,
200,3,"321,404,449,502",0.928975,29L-739.56,9.874952,0.949981,car,2,29-L|739.56
200,2,"0,343,60,449",0.916017,,0.0,0.0,,0,
201,3,"316,401,443,499",0.924219,,0.0,0.0,,0,
201,2,"0,347,52,448",0.868989,,0.0,0.0,,0,
202,3,"311,400,435,496",0.924406,29L-239.56,9.82901,0.931604,car,2,29-L|239.56
202,2,"0,344,47,446",0.631617,,0.0,0.0,,0,
203,3,"308,398,431,494",0.928366,,0.0,0.0,,0,
204,3,"300,396,425,492",0.931848,,0.0,0.0,,0,
205,3,"294,393,422,491",0.925541,,0.0,0.0,,0,
206,3,"289,391,416,488",0.925656,29-L1 139.56,9.461597,0.784639,motorbike,2,29-L1|139.56
207,3,"286,389,411,486",0.927228,,0.0,0.0,,0,
208,3,"278,385,406,486",0.92784,,0.0,0.0,,0,
209,3,"271,383,401,484",0.924588,,0.0,0.0,,0,
210,3,"266,383,394,482",0.927718,,0.0,0.0,,0,
211,3,"259,382,388,481",0.928234,,0.0,0.0,,0,
212,3,"252,379,381,482",0.927936,29L-239.56,9.678331,0.871333,car,2,29-L|239.56
213,3,"248,378,376,480",0.925097,,0.0,0.0,,0,
214,3,"239,376,369,480",0.927143,,0.0,0.0,,0,
215,3,"232,374,361,478",0.929276,,0.0,0.0,,0,
216,3,"223,375,354,478",0.923679,,0.0,0.0,,0,
217,3,"212,378,349,477",0.920859,,0.0,0.0,,0,
218,3,"203,378,340,477",0.912257,,0.0,0.0,,0,
219,3,"192,378,331,476",0.87591,,0.0,0.0,,0,
220,3,"185,373,317,474",0.930198,29L-239.56,9.354882,0.741953,car,2,29-L|23956
221,3,"177,370,309,473",0.933254,,0.0,0.0,,0,
222,3,"168,366,303,472",0.935441,29-U1 239.56,9.643925,0.85757,motorbike,2,29-U1|239.56
223,3,"158,363,296,470",0.931117,,0.0,0.0,,0,
224,3,"148,362,290,469",0.930766,29L-739.56,9.434659,0.773864,car,2,29-L|73956
225,3,"140,361,280,468",0.927686,,0.0,0.0,,0,
226,3,"131,360,273,467",0.928795,,0.0,0.0,,0,
227,3,"122,361,266,467",0.92835,,0.0,0.0,,0,
227,4,"461,162,479,200",0.250608,,0.0,0.0,,0,
228,3,"117,360,259,467",0.933329,29-L1 739.56,9.68054,0.872216,motorbike,2,29-L1|739.56
228,4,"457,160,479,201",0.158727,,0.0,0.0,,0,
229,3,"111,361,252,468",0.931974,,0.0,0.0,,0,
230,3,"107,363,244,469",0.932765,29-L1 739.56,9.952747,0.981099,motorbike,2,29-L1|73956
231,3,"99,363,239,470",0.927783,,0.0,0.0,,0,
232,3,"95,363,235,471",0.931439,,0.0,0.0,,0,
233,3,"90,364,231,471",0.931993,,0.0,0.0,,0,
234,3,"87,364,228,471",0.931635,,0.0,0.0,,0,
235,3,"83,365,225,471",0.933759,,0.0,0.0,,0,
236,3,"80,366,222,472",0.934834,29-L1 239.56,9.757775,0.90311,motorbike,2,29-L1|239.56
236,5,"439,438,480,535",0.785347,,0.0,0.0,,0,
237,3,"78,366,219,472",0.933015,,0.0,0.0,,0,
237,5,"437,440,480,536",0.834822,,0.0,0.0,,0,
238,3,"76,366,218,472",0.931575,29-L1 739.56,9.529842,0.811937,motorbike,2,29-L1|739.56
238,5,"437,442,480,540",0.863151,,0.0,0.0,,0,
239,3,"74,366,217,472",0.933557,,0.0,0.0,,0,
239,5,"437,444,480,543",0.856889,,0.0,0.0,,0,
240,3,"74,366,217,472",0.933686,29-L1 739.56,9.977564,0.991026,motorbike,2,29-L1|73956
240,5,"438,445,479,544",0.871101,,0.0,0.0,,0,
241,3,"77,366,218,471",0.934996,,0.0,0.0,,0,
241,5,"439,449,480,545",0.807568,,0.0,0.0,,0,
242,3,"77,366,220,471",0.935383,29-L1 739.56,9.726907,0.890763,motorbike,2,29-L1|739.56
243,3,"78,366,222,470",0.935096,,0.0,0.0,,0,
244,3,"80,366,223,470",0.930505,29L-739.56,9.727684,0.891074,car,2,29-L|739.56
245,3,"82,365,227,471",0.932538,,0.0,0.0,,0,
246,3,"87,366,231,471",0.935623,29-L1 139.56,9.400166,0.880066,motorbike,2,29-LI|139.56
247,3,"90,366,233,470",0.931503,,0.0,0.0,,0,
248,3,"93,366,237,470",0.932166,29-L1 139.56,9.953147,0.981259,motorbike,2,29-L1|139.56
249,3,"98,368,241,471",0.935364,,0.0,0.0,,0,
250,3,"99,368,245,472",0.936382,29-L1 139.56,9.713346,0.885338,motorbike,2,29-L1|139.56
251,3,"103,369,248,473",0.930685,,0.0,0.0,,0,
252,3,"105,369,251,474",0.930074,29-L1 139.56,9.823966,0.929586,motorbike,2,29-L1|139.56
253,3,"108,371,252,474",0.934935,,0.0,0.0,,0,
254,3,"111,375,253,477",0.931071,29-L1 239.56,9.76173,0.904692,motorbike,2,29-L1|239.56
255,3,"114,376,253,477",0.93327,,0.0,0.0,,0,
256,3,"116,377,254,479",0.933087,29-L1 739.56,9.731595,0.892638,motorbike,2,29-L1|739.56
257,3,"116,378,255,482",0.930829,,0.0,0.0,,0,
258,3,"117,379,258,482",0.931791,29-L1 739.56,9.772856,0.909142,motorbike,2,29-L1|739.56
259,3,"117,379,258,484",0.92994,,0.0,0.0,,0,
260,3,"117,380,257,486",0.93211,29-L1 739.56,9.972997,0.989199,motorbike,2,29L1|739.56
261,3,"117,381,256,486",0.930954,,0.0,0.0,,0,
262,3,"115,380,256,486",0.930924,29-L1 239.56,9.734706,0.893882,motorbike,2,29-L1|239.56
263,3,"114,380,254,486",0.931395,,0.0,0.0,,0,
264,3,"112,381,253,486",0.931194,29-L1 739.56,9.537311,0.814924,motorbike,2,29-L1|739.56
265,3,"110,380,251,487",0.933076,,0.0,0.0,,0,
266,3,"108,380,250,488",0.934458,29-L1 739.56,9.828337,0.931335,motorbike,2,29-L1|739.56
267,3,"105,379,247,488",0.93555,,0.0,0.0,,0,
268,3,"103,378,244,488",0.932951,29L-139.56,9.897892,0.959157,car,2,29-L|139.56
269,3,"100,378,243,488",0.929778,,0.0,0.0,,0,
270,3,"95,375,239,486",0.931085,29L-739.56,9.991426,0.99657,car,2,29-L|739.56
271,3,"89,372,236,484",0.930727,,0.0,0.0,,0,
272,3,"86,370,233,483",0.928069,29L-239.56,9.943214,0.977286,car,2,29-L|239.56
273,3,"85,368,230,480",0.932539,,0.0,0.0,,0,
274,3,"82,365,228,477",0.93216,,0.0,0.0,,0,
275,3,"78,362,222,473",0.932232,,0.0,0.0,,0,
276,3,"74,359,218,472",0.93341,,0.0,0.0,,0,
277,3,"67,355,213,470",0.933517,,0.0,0.0,,0,
277,6,"425,516,480,622",0.757145,,0.0,0.0,,0,
278,3,"61,351,210,466",0.926229,,0.0,0.0,,0,
278,6,"432,513,480,620",0.68778,,0.0,0.0,,0,
279,3,"56,348,204,462",0.930803,,0.0,0.0,,0,
279,6,"421,506,479,617",0.789373,,0.0,0.0,,0,
280,3,"52,343,199,457",0.933462,,0.0,0.0,,0,
280,6,"419,503,480,614",0.897842,,0.0,0.0,,0,
281,3,"46,339,192,454",0.938598,,0.0,0.0,,0,
281,6,"413,498,480,612",0.906065,,0.0,0.0,,0,
282,3,"40,336,188,451",0.933937,43Z-739.56,8.93102,0.692408,car,2,432|73956
282,6,"406,495,479,608",0.913618,,0.0,0.0,,0,
283,3,"35,334,183,449",0.932237,,0.0,0.0,,0,
283,6,"400,492,479,605",0.910122,,0.0,0.0,,0,
284,3,"29,330,177,445",0.935614,,0.0,0.0,,0,
284,6,"395,489,479,602",0.919426,,0.0,0.0,,0,
285,3,"22,327,170,443",0.929393,,0.0,0.0,,0,
285,6,"384,482,479,601",0.92507,,0.0,0.0,,0,
286,3,"13,324,166,440",0.932468,29-L1 239.56,9.075225,0.63009,motorbike,2,29-L1|239.56
286,6,"379,480,480,597",0.924106,28H-148.72,8.213723,0.525489,car,2,28H|14B7.Z
287,3,"8,322,159,438",0.935837,,0.0,0.0,,0,
287,6,"375,477,479,595",0.922715,,0.0,0.0,,0,
288,3,"2,319,152,436",0.936633,,0.0,0.0,,0,
288,6,"367,476,479,592",0.929493,,0.0,0.0,,0,
289,3,"1,316,145,434",0.936381,,0.0,0.0,,0,
289,6,"364,474,479,589",0.931339,,0.0,0.0,,0,
290,3,"1,311,140,433",0.929144,,0.0,0.0,,0,
290,6,"352,469,479,588",0.913867,,0.0,0.0,,0,
291,3,"1,316,133,431",0.929131,,0.0,0.0,,0,
291,6,"349,462,479,585",0.903996,,0.0,0.0,,0,
292,6,"339,463,478,583",0.933227,,0.0,0.0,,0,
292,3,"1,310,123,426",0.927482,21T-3956,7.430245,0.892098,car,2,2-LT|3956
293,6,"335,462,476,577",0.934591,,0.0,0.0,,0,
293,3,"1,305,115,423",0.92569,,0.0,0.0,,0,
294,6,"330,460,475,574",0.934298,,0.0,0.0,,0,
294,3,"1,306,108,422",0.926084,,0.0,0.0,,0,
295,6,"321,455,470,572",0.926929,,0.0,0.0,,0,
295,3,"2,309,100,420",0.916835,,0.0,0.0,,0,
296,6,"315,452,465,571",0.933507,21H-437.63,6.197075,0.43883,car,2,ZJHC|437.63
296,3,"1,300,91,418",0.912533,,0.0,0.0,,0,
297,6,"310,451,457,568",0.931492,,0.0,0.0,,0,
297,3,"1,297,84,415",0.911853,,0.0,0.0,,0,
298,6,"304,448,453,567",0.934769,12-A1 101.64,8.241309,0.296524,motorbike,2,12A1|10164
298,3,"1,294,76,414",0.910825,,0.0,0.0,,0,
299,6,"299,450,450,564",0.939035,,0.0,0.0,,0,
299,3,"2,294,67,413",0.908577,,0.0,0.0,,0,
300,6,"292,448,442,563",0.931902,28-H1 137.68,9.407944,0.763178,motorbike,2,28-H1|137.68
300,3,"1,295,59,412",0.892485,,0.0,0.0,,0,
301,6,"286,450,435,563",0.932448,,0.0,0.0,,0,
301,3,"0,298,48,408",0.782406,,0.0,0.0,,0,
302,6,"282,447,421,560",0.933836,28-H1 187.58,9.076996,0.750798,motorbike,2,28-HT|187.58
303,6,"274,439,417,561",0.927916,,0.0,0.0,,0,
304,6,"268,440,412,560",0.931581,28H-187.68,9.832545,0.933018,car,2,28H|187.68
305,6,"265,444,403,561",0.93359,,0.0,0.0,,0,
306,6,"256,442,401,558",0.937265,28-H1 187.68,9.644623,0.857849,motorbike,2,28H1|187.68
307,6,"250,440,398,556",0.931522,,0.0,0.0,,0,
308,6,"242,440,391,554",0.933477,28-H1 182.58,9.291281,0.716512,motorbike,2,28.H1|182.58
309,6,"233,439,380,555",0.937374,,0.0,0.0,,0,
310,6,"225,436,380,552",0.929105,28-H1 182.58,9.310396,0.724158,motorbike,2,28.H1|182.58
311,6,"217,434,370,550",0.935115,,0.0,0.0,,0,
312,6,"209,433,366,549",0.932832,,0.0,0.0,,0,
313,6,"203,430,358,548",0.934295,,0.0,0.0,,0,
314,6,"195,428,352,549",0.935998,,0.0,0.0,,0,
315,6,"190,429,348,548",0.934152,,0.0,0.0,,0,
316,6,"185,428,341,547",0.932667,12N-182.68,8.22977,0.531908,car,2,LZN|182.68
317,6,"177,428,333,549",0.931654,,0.0,0.0,,0,
318,6,"170,429,323,549",0.930977,,0.0,0.0,,0,
319,6,"167,429,318,548",0.934001,,0.0,0.0,,0,
320,6,"163,430,315,548",0.932965,,0.0,0.0,,0,
321,6,"162,434,310,547",0.931144,,0.0,0.0,,0,
322,6,"159,434,306,547",0.931571,28-H1 187.68,9.759221,0.903688,motorbike,2,28-H1|187.68
323,6,"156,435,301,548",0.934545,,0.0,0.0,,0,
324,6,"156,437,301,548",0.932551,28-H1 187.68,9.149622,0.659849,motorbike,2,28.H1|187.68
325,6,"155,437,300,550",0.932236,,0.0,0.0,,0,
326,6,"145,437,293,552",0.933658,28-H1 182.58,8.876809,0.670724,motorbike,2,28-HT|182.58
327,6,"146,439,295,553",0.933293,,0.0,0.0,,0,
328,6,"146,439,295,555",0.934629,28-H1 182.59,9.2839,0.71356,motorbike,2,28H1|182.59
329,6,"147,441,295,556",0.933754,,0.0,0.0,,0,
330,6,"145,440,293,556",0.935309,28-H1 187.68,9.762473,0.904989,motorbike,2,28-H1|187.68
331,6,"146,441,294,556",0.935321,,0.0,0.0,,0,
332,6,"146,442,295,558",0.935922,28-H1 187.68,9.462101,0.78484,motorbike,2,28-H1|187.68
333,6,"146,442,295,559",0.936249,,0.0,0.0,,0,
334,6,"147,443,296,560",0.934603,28-H1 187.68,9.841861,0.936744,motorbike,2,28H1|187.68
335,6,"147,443,296,560",0.932697,,0.0,0.0,,0,
336,6,"147,444,294,560",0.932755,28-H1 187.69,9.669389,0.867755,motorbike,2,28H1|187.69
337,6,"143,444,289,559",0.933159,,0.0,0.0,,0,
338,6,"140,443,288,559",0.933232,28-H1 187.68,8.997541,0.599016,motorbike,2,28.H1|187.68
339,6,"136,442,285,558",0.934461,,0.0,0.0,,0,
340,6,"134,443,282,558",0.935302,28-H1 187.68,9.018453,0.607381,motorbike,2,28-H1|187.68
341,6,"129,441,279,558",0.941151,,0.0,0.0,,0,
342,6,"125,439,276,558",0.935458,28H-187.69,9.962605,0.985042,car,2,28H|187.69
343,6,"122,439,272,556",0.928895,,0.0,0.0,,0,
344,6,"118,438,268,554",0.937046,28-H1 182.58,9.167125,0.78685,motorbike,2,28-HI|182.58
345,6,"115,437,266,552",0.939683,,0.0,0.0,,0,
346,6,"110,433,261,552",0.937748,28-H1 182.68,9.268911,0.707564,motorbike,2,28-H1|182.68
347,6,"108,432,257,551",0.940002,,0.0,0.0,,0,
348,6,"103,433,255,550",0.934111,28-H1 182.68,9.334973,0.733989,motorbike,2,28-H1|182.68
349,6,"97,430,253,550",0.930273,,0.0,0.0,,0,
350,6,"94,430,250,549",0.930619,28-H0 187.68,9.268388,0.707355,motorbike,2,28H0|187.68
351,6,"89,429,243,549",0.935001,,0.0,0.0,,0,
352,6,"85,427,243,548",0.933495,28-H1 182.58,9.423193,0.769277,motorbike,2,28-H1|182.58
353,6,"81,426,233,546",0.933201,,0.0,0.0,,0,
354,6,"75,425,229,546",0.932574,28-H1 187.68,9.15708,0.662832,motorbike,2,28H1|187.68
355,6,"71,422,226,545",0.930203,,0.0,0.0,,0,
356,6,"64,422,221,544",0.930761,28-H1 187.68,9.04032,0.736128,motorbike,2,28-HT|187.68
357,6,"58,419,215,543",0.933774,,0.0,0.0,,0,
358,6,"52,417,210,543",0.930108,28-H1 182.68,9.796958,0.918783,motorbike,2,28H1|182.68
359,6,"46,416,206,540",0.933821,,0.0,0.0,,0,
360,6,"40,413,201,537",0.929378,28-H1 182.68,9.464607,0.905843,motorbike,2,28-HI|182.68
361,6,"32,410,194,535",0.926734,,0.0,0.0,,0,
362,6,"21,407,190,536",0.928185,28T-182.68,9.664894,0.865958,car,2,28T|182.68
363,6,"6,407,182,534",0.929939,,0.0,0.0,,0,
364,6,"1,406,172,532",0.920775,28-H1 882.68,9.132805,0.653122,motorbike,2,28-H1|882.68
365,6,"0,405,162,528",0.925276,,0.0,0.0,,0,
366,6,"1,405,151,525",0.916979,28-H1 181.88,7.660089,0.304036,motorbike,2,Z8HT|18188
367,6,"1,402,140,525",0.932467,,0.0,0.0,,0,
368,6,"2,399,134,524",0.933418,28-H1 876.84,8.618556,0.567422,motorbike,2,28-HT|87.684
369,6,"1,394,122,525",0.927082,,0.0,0.0,,0,
370,6,"1,393,114,523",0.924933,,0.0,0.0,,0,
371,6,"0,399,105,522",0.926734,,0.0,0.0,,0,
372,6,"1,399,95,521",0.921415,,0.0,0.0,,0,
373,6,"1,401,86,522",0.920726,,0.0,0.0,,0,
374,6,"1,401,79,522",0.914714,,0.0,0.0,,0,
375,6,"0,401,71,520",0.914066,,0.0,0.0,,0,
376,6,"2,402,65,521",0.903845,,0.0,0.0,,0,
382,7,"403,626,479,741",0.225338,,0.0,0.0,,0,
383,7,"395,624,478,739",0.818543,,0.0,0.0,,0,
384,7,"392,623,478,739",0.810256,35A-713.94,8.19238,0.516952,car,2,354|7L394
385,7,"386,622,478,738",0.914326,,0.0,0.0,,0,
386,7,"384,620,478,735",0.916814,35G-063.90,8.781929,0.632772,car,2,35-6|06390
387,7,"375,618,479,736",0.910035,,0.0,0.0,,0,
388,7,"373,618,479,731",0.911183,35-B7 439.08,9.419157,0.767663,motorbike,2,35-B7|439.08
389,7,"364,617,477,727",0.910712,,0.0,0.0,,0,
390,7,"358,618,478,732",0.920725,38Z-439.08,9.547208,0.938883,car,2,3.82|43908
391,7,"352,619,478,731",0.922825,,0.0,0.0,,0,
392,7,"347,618,477,734",0.921673,35-B2 639.08,9.571368,0.948547,motorbike,2,35-82|639.08
393,7,"341,616,477,734",0.917799,,0.0,0.0,,0,
394,7,"334,618,475,734",0.926139,35-B2 639.08,9.314961,0.845985,motorbike,2,35-82|639.08
394,8,"2,338,21,382",0.186209,,0.0,0.0,,0,
395,7,"330,620,469,734",0.931961,,0.0,0.0,,0,
396,7,"323,620,464,734",0.921,35-B2 639.08,9.263417,0.825367,motorbike,2,35-82|639.08
397,7,"317,620,457,734",0.919538,,0.0,0.0,,0,
398,7,"310,619,454,735",0.926084,35-B2 539.08,9.114867,0.765947,motorbike,2,35-82|539.08
399,7,"307,619,446,733",0.915025,,0.0,0.0,,0,
400,7,"300,616,440,733",0.925288,35-B2 439.08,9.312827,0.845131,motorbike,2,35-82|43908
401,7,"292,614,434,730",0.931659,,0.0,0.0,,0,
402,7,"287,613,428,729",0.93436,35-B2 439.08,9.764909,0.905964,motorbike,2,35-B2|439.08
403,7,"280,612,424,726",0.93306,,0.0,0.0,,0,
404,7,"275,611,417,724",0.931006,35-B2 639.08,9.412135,0.884854,motorbike,2,3582|639.08
405,7,"270,610,412,723",0.927904,,0.0,0.0,,0,
406,7,"264,609,405,722",0.932114,35-B2 639.08,9.607116,0.962847,motorbike,2,35-82|639.08
407,7,"259,608,402,723",0.934115,,0.0,0.0,,0,
408,7,"253,607,398,723",0.922372,35-B2 139.08,8.706842,0.722737,motorbike,2,35-82|L39.08
409,7,"249,608,391,722",0.922909,,0.0,0.0,,0,
410,7,"247,609,390,723",0.931559,35-B2 639.08,9.273789,0.829515,motorbike,2,35-82|639.08
411,7,"243,609,385,723",0.930032,,0.0,0.0,,0,
412,7,"240,607,381,722",0.933379,35-B2 139.08,8.692575,0.71703,motorbike,2,35-82|L39.08
413,7,"236,608,379,722",0.932265,,0.0,0.0,,0,
414,7,"233,607,377,723",0.924482,35-B2 439.00,9.446489,0.898596,motorbike,2,35-82|439.00
415,7,"229,607,373,725",0.921889,,0.0,0.0,,0,
416,7,"225,607,369,726",0.931126,35-B2 439.08,9.203185,0.801274,motorbike,2,35-82|439.08
417,7,"220,609,368,725",0.929824,,0.0,0.0,,0,
418,7,"216,609,361,728",0.937923,35-B2 139.08,9.181625,0.91265,motorbike,2,35-82|L39.08
419,7,"211,609,358,729",0.916948,,0.0,0.0,,0,
420,7,"206,609,350,727",0.923861,35-B2 339.08,9.14384,0.777536,motorbike,2,35-82|339.08
421,7,"197,606,344,729",0.929243,,0.0,0.0,,0,
422,7,"189,606,336,729",0.923575,35-B2 639.08,9.59954,0.959816,motorbike,2,35-82|639.08
423,7,"183,604,330,728",0.923376,,0.0,0.0,,0,
424,7,"176,602,323,728",0.933533,35-B2 139.08,9.247982,0.939193,motorbike,2,35-82|L39.08
425,7,"171,601,318,725",0.918987,,0.0,0.0,,0,
426,7,"164,599,312,723",0.910827,35-B2 439.08,9.372328,0.868931,motorbike,2,35-82|439.08
427,7,"160,597,310,722",0.926651,,0.0,0.0,,0,
428,7,"152,595,304,723",0.920497,35-B2 139.08,9.452531,0.901012,motorbike,2,35-B2|L39.08
429,7,"145,595,299,716",0.893668,,0.0,0.0,,0,
430,7,"137,594,294,722",0.889144,35-B2 639.08,9.589797,0.835919,motorbike,2,35-B2|639.08
431,7,"133,591,289,709",0.917077,,0.0,0.0,,0,
432,7,"130,590,283,710",0.887013,35-B2 139.08,9.110199,0.884079,motorbike,2,35-82|L39.08
433,7,"124,587,278,714",0.886979,,0.0,0.0,,0,
434,7,"118,586,275,716",0.917108,35-B2 439.08,9.396089,0.878435,motorbike,2,35-82|439.08
435,7,"114,584,273,712",0.929822,,0.0,0.0,,0,
436,7,"109,583,269,701",0.916411,,0.0,0.0,,0,
437,7,"103,582,267,705",0.915151,,0.0,0.0,,0,
438,7,"99,581,253,695",0.90109,,0.0,0.0,,0,
439,7,"98,579,245,689",0.888228,,0.0,0.0,,0,
440,7,"91,579,251,700",0.918464,35-B2 439.08,9.532405,0.812962,motorbike,2,35-B2|439.08
441,7,"88,579,244,698",0.921709,,0.0,0.0,,0,
442,7,"84,579,238,694",0.918559,,0.0,0.0,,0,
443,7,"83,577,240,703",0.920806,,0.0,0.0,,0,
444,7,"80,577,238,694",0.9084,35-B2 439.08,9.620156,0.848063,motorbike,2,35-B2|439.08
445,7,"79,577,244,697",0.90886,,0.0,0.0,,0,
446,7,"77,576,236,690",0.899642,35-B2 139.08,9.254181,0.941672,motorbike,2,35-82|L3908
447,7,"73,576,227,686",0.904631,,0.0,0.0,,0,
448,7,"70,576,227,689",0.907035,35-B2 639.08,9.596674,0.95867,motorbike,2,35-82|639.08
449,7,"68,578,228,692",0.894224,,0.0,0.0,,0,
450,7,"66,578,223,694",0.90893,35-B2 439.08,9.604906,0.841962,motorbike,2,35-B2|439.08
451,7,"62,581,217,690",0.884962,,0.0,0.0,,0,
452,7,"60,581,214,690",0.894554,35-B2 439.08,9.902145,0.960858,motorbike,2,35-B2|439.08
453,7,"60,582,210,691",0.893242,,0.0,0.0,,0,
454,7,"53,582,206,692",0.899711,35-B2 439.08,9.715034,0.886013,motorbike,2,35-B2|43908
455,7,"51,582,204,693",0.908394,,0.0,0.0,,0,
456,7,"45,582,202,698",0.900014,35-B2 439.08,9.725696,0.890278,motorbike,2,35-B2|439.08
457,7,"42,582,197,700",0.913665,,0.0,0.0,,0,
458,7,"39,585,194,702",0.903473,35-B2 439.08,9.684705,0.873882,motorbike,2,35-B2|439.08
459,7,"33,586,188,700",0.902155,,0.0,0.0,,0,
460,7,"24,585,181,710",0.918959,35-B2 439.08,9.647789,0.859116,motorbike,2,35-B2|439.08
461,7,"8,585,173,705",0.929326,,0.0,0.0,,0,
462,7,"3,589,165,705",0.920941,35-B2 439.08,9.402578,0.761031,motorbike,2,35B2|439.08
463,7,"1,591,155,715",0.92058,,0.0,0.0,,0,
463,9,"429,484,480,585",0.870322,,0.0,0.0,,0,
464,7,"0,593,145,721",0.923489,35-B2 539.08,9.773645,0.909458,motorbike,2,35-B2|539.08
464,9,"423,484,480,585",0.896817,,0.0,0.0,,0,
465,9,"416,486,479,587",0.909011,,0.0,0.0,,0,
465,7,"1,595,137,716",0.907981,,0.0,0.0,,0,
466,7,"2,598,133,717",0.929578,35-B2 3908,7.614632,0.765853,motorbike,2,35.82|39.08
466,9,"407,486,479,591",0.915291,,0.0,0.0,,0,
467,7,"1,600,118,722",0.924751,,0.0,0.0,,0,
467,9,"399,487,479,593",0.921561,,0.0,0.0,,0,
468,7,"0,603,106,730",0.924156,58-Z1 9085,6.934291,0.493716,motorbike,2,5-821|9.085
468,9,"390,491,479,594",0.921621,,0.0,0.0,,0,
469,9,"385,495,478,596",0.92943,,0.0,0.0,,0,
469,7,"0,609,97,735",0.920137,,0.0,0.0,,0,
470,9,"377,497,478,598",0.932669,29T-172.13,8.990779,0.596311,car,2,29-T|17213
470,7,"0,614,82,741",0.9067,,0.0,0.0,,0,
470,10,"7,176,66,210",0.195581,,0.0,0.0,,0,
471,9,"368,498,479,600",0.934544,,0.0,0.0,,0,
471,7,"0,619,75,749",0.907271,,0.0,0.0,,0,
472,9,"359,497,479,601",0.937483,29-F3 121.35,9.08091,0.632364,motorbike,2,29F3|12135
472,11,"1,86,24,120",0.177831,,0.0,0.0,,0,
473,9,"351,498,479,602",0.934505,,0.0,0.0,,0,
474,9,"343,499,478,603",0.934912,91B-221.35,6.911422,0.724569,car,2,29-18|221.35
475,9,"335,501,476,603",0.929597,,0.0,0.0,,0,
476,9,"327,501,468,604",0.930219,29-T3 721.35,7.092976,0.437191,motorbike,2,29-T37|721.35
477,9,"319,501,466,606",0.925494,,0.0,0.0,,0,
478,9,"311,502,454,606",0.930932,91B-121.35,6.662165,0.744866,car,2,29-18|12135
479,9,"305,502,448,608",0.933785,,0.0,0.0,,0,
480,9,"298,502,442,609",0.932258,93D-121.35,6.572713,0.709085,car,2,79303|12135
481,9,"292,502,436,610",0.929681,,0.0,0.0,,0,
482,9,"286,503,431,610",0.930478,29L-221.35,9.552251,0.820901,car,2,29.L|22135
483,9,"280,503,426,611",0.932986,,0.0,0.0,,0,
484,9,"275,503,421,612",0.927022,,0.0,0.0,,0,
485,9,"270,504,417,613",0.927234,,0.0,0.0,,0,
486,9,"264,505,412,614",0.927054,,0.0,0.0,,0,
487,9,"261,505,408,615",0.927357,,0.0,0.0,,0,
488,9,"255,507,402,615",0.928177,29F-121.35,7.776244,0.830498,car,2,29FY3|12135
489,9,"250,508,400,616",0.928771,,0.0,0.0,,0,
490,9,"244,508,394,616",0.930668,93Y-121.35,6.408866,0.643546,car,2,293Y3|12135
491,9,"237,507,389,616",0.929403,,0.0,0.0,,0,
492,9,"232,507,382,616",0.924433,,0.0,0.0,,0,
493,9,"226,507,378,616",0.929164,,0.0,0.0,,0,
494,9,"220,506,372,616",0.931146,29Z-1735,5.927235,0.490894,car,1,2921735
495,9,"214,504,367,617",0.931604,,0.0,0.0,,0,
496,9,"206,503,359,618",0.924765,29R-121.35,9.267345,0.706938,car,2,29R|12135
497,9,"198,502,353,618",0.934226,,0.0,0.0,,0,
498,9,"192,504,345,614",0.929785,29-Y3 121.35,9.410941,0.764376,motorbike,2,29-Y3-|12135
499,9,"182,503,339,619",0.924643,,0.0,0.0,,0,
500,9,"176,504,330,616",0.928997,29-Z3 721.35,8.657868,0.583147,motorbike,2,2923|72135
501,9,"168,504,321,617",0.921754,,0.0,0.0,,0,
502,9,"161,503,313,616",0.928482,93B-721.35,6.387426,0.63497,car,2,29-38|72L35
503,9,"153,505,304,616",0.932305,,0.0,0.0,,0,
504,9,"145,505,297,616",0.92192,29F-721.35,9.722093,0.888837,car,2,29-F|72135
505,9,"138,504,293,616",0.931203,,0.0,0.0,,0,
506,9,"131,504,286,614",0.934041,29-Y3 721.35,9.224281,0.689713,motorbike,2,29-Y3|721.35
507,9,"125,503,282,614",0.924267,,0.0,0.0,,0,
508,9,"119,502,275,612",0.933204,29-T3 121.35,9.33808,0.735232,motorbike,2,29-T3|12135
509,9,"113,500,268,611",0.93281,,0.0,0.0,,0,
510,9,"108,499,261,608",0.934596,,0.0,0.0,,0,
511,9,"99,498,254,607",0.935571,,0.0,0.0,,0,
512,9,"94,496,247,605",0.935205,29-Y3 121.35,9.372498,0.748999,motorbike,2,29-Y3|12135
513,9,"89,496,239,603",0.935012,,0.0,0.0,,0,
514,9,"82,494,232,602",0.935434,29-T3 121.35,8.890706,0.556283,motorbike,2,29.T3|12135
515,9,"78,494,227,600",0.931092,,0.0,0.0,,0,
516,9,"72,493,221,599",0.935117,29E-121.35,7.586814,0.634726,car,2,29E13|12135
517,9,"65,492,216,599",0.930491,,0.0,0.0,,0,
518,9,"60,490,211,597",0.928073,29-T3 221.35,9.693379,0.877352,motorbike,2,29-T3|22135
519,9,"54,488,206,596",0.929577,,0.0,0.0,,0,
520,9,"49,486,201,596",0.931558,,0.0,0.0,,0,
521,9,"45,486,197,594",0.93645,,0.0,0.0,,0,
522,9,"42,484,194,594",0.933917,,0.0,0.0,,0,
523,9,"41,484,193,593",0.930829,,0.0,0.0,,0,
524,9,"40,484,193,592",0.930565,,0.0,0.0,,0,
525,9,"40,483,193,592",0.92975,,0.0,0.0,,0,
526,9,"41,482,195,593",0.928948,,0.0,0.0,,0,
527,9,"42,482,197,594",0.935246,,0.0,0.0,,0,
528,9,"44,483,198,594",0.937774,,0.0,0.0,,0,
529,9,"44,484,199,594",0.937706,,0.0,0.0,,0,
530,9,"44,484,201,596",0.937762,40S-721.35,8.520947,0.528379,car,2,405|721.35
531,9,"45,485,202,596",0.93861,,0.0,0.0,,0,
532,9,"45,484,202,597",0.938752,,0.0,0.0,,0,
533,9,"45,485,201,597",0.939499,,0.0,0.0,,0,
534,9,"43,485,199,598",0.939351,29-Y3 221.35,9.946098,0.978439,motorbike,2,29-Y3|221.35
535,9,"41,484,198,597",0.9379,,0.0,0.0,,0,
536,9,"39,484,195,597",0.92758,,0.0,0.0,,0,
537,9,"35,484,192,599",0.935959,,0.0,0.0,,0,
538,9,"30,484,189,600",0.933421,,0.0,0.0,,0,
539,9,"26,484,184,601",0.938931,,0.0,0.0,,0,
540,9,"21,483,179,600",0.937599,,0.0,0.0,,0,
541,9,"12,484,174,602",0.937002,,0.0,0.0,,0,
542,9,"6,484,169,602",0.935859,29-Y3 221.35,9.891503,0.956601,motorbike,2,29-Y3|22135
543,9,"3,484,161,602",0.937541,,0.0,0.0,,0,
544,9,"2,484,154,602",0.936689,29-Y3 221.35,9.958554,0.983421,motorbike,2,29-Y3|22135
545,9,"1,483,146,603",0.935182,,0.0,0.0,,0,
546,9,"1,484,137,603",0.933359,29-Y3 121.35,9.530501,0.8122,motorbike,2,29-Y3|12135
547,9,"0,486,128,604",0.93335,,0.0,0.0,,0,
548,9,"0,491,120,606",0.929852,93-Y3 213.51,9.410636,0.764254,motorbike,2,93Y3|21351
549,9,"1,493,111,608",0.93095,,0.0,0.0,,0,
550,9,"0,493,101,609",0.926287,,0.0,0.0,,0,
551,9,"0,493,90,610",0.925958,,0.0,0.0,,0,
552,9,"0,493,80,610",0.922966,,0.0,0.0,,0,
553,9,"0,495,70,612",0.928578,,0.0,0.0,,0,
554,9,"0,496,60,615",0.916566,,0.0,0.0,,0,
555,9,"0,497,53,618",0.883732,,0.0,0.0,,0,
563,12,"433,519,480,616",0.641817,,0.0,0.0,,0,
564,12,"427,518,480,616",0.851824,,0.0,0.0,,0,
565,12,"419,520,479,615",0.902438,,0.0,0.0,,0,
566,12,"413,519,479,616",0.917613,,0.0,0.0,,0,
567,12,"407,519,479,615",0.923161,,0.0,0.0,,0,
568,12,"400,519,478,615",0.924152,29G-5881,6.834907,0.653963,car,2,296|5881
569,12,"394,518,478,614",0.923682,,0.0,0.0,,0,
570,12,"388,518,478,614",0.926062,29F-6880,7.068315,0.627326,car,2,29-F|688.0
571,12,"382,518,479,613",0.925797,,0.0,0.0,,0,
572,12,"377,516,478,613",0.92249,29X-6880,7.95124,0.980496,car,2,29-X|6880
573,12,"370,514,478,612",0.927261,,0.0,0.0,,0,
574,12,"365,513,479,610",0.928605,29-X1 688.03,9.960157,0.984063,motorbike,2,29-X1|68803
575,12,"360,510,478,608",0.927202,,0.0,0.0,,0,
576,12,"354,506,478,607",0.922441,29-X1 688.03,9.972264,0.988906,motorbike,2,29.X1|688.03
577,12,"350,507,478,604",0.924426,,0.0,0.0,,0,
578,12,"343,505,475,601",0.929573,29-X1 688.03,9.990627,0.996251,motorbike,2,29-X1|688.03
579,12,"336,504,472,598",0.92508,,0.0,0.0,,0,
580,12,"331,501,463,594",0.929928,29-X1 688.03,9.967441,0.986977,motorbike,2,29-X1|688.03
581,12,"322,498,455,592",0.929751,,0.0,0.0,,0,
582,12,"314,493,447,587",0.922818,29-X1 688.03,9.970013,0.988005,motorbike,2,29-X1|688.03
583,12,"306,488,439,584",0.921533,,0.0,0.0,,0,
584,12,"297,486,431,581",0.925691,29-X1 688.03,9.809737,0.923895,motorbike,2,29-X1|688.03
585,12,"290,485,421,577",0.919739,,0.0,0.0,,0,
586,12,"280,483,414,574",0.930067,29-X1 688.03,9.97313,0.989252,motorbike,2,29-X1|688.03
587,12,"274,478,405,574",0.929589,,0.0,0.0,,0,
588,12,"265,476,399,572",0.930008,29-X1 688.03,9.779615,0.911846,motorbike,2,29.X1|688.03
589,12,"260,477,390,571",0.9328,,0.0,0.0,,0,
590,12,"254,478,382,569",0.927797,29-X1 688.03,9.970033,0.988013,motorbike,2,29-X1|688.03
591,12,"247,476,378,568",0.925252,,0.0,0.0,,0,
592,12,"241,475,373,567",0.925554,29-X1 688.03,9.966125,0.98645,motorbike,2,29-X1|688.03
593,12,"236,472,369,566",0.926876,,0.0,0.0,,0,
594,12,"233,470,363,563",0.927718,29-X1 688.03,9.551173,0.820469,motorbike,2,29-X1|688.03
594,13,"461,70,479,98",0.246919,,0.0,0.0,,0,
595,12,"227,469,358,561",0.922033,,0.0,0.0,,0,
596,12,"223,466,353,559",0.920923,29-X1 688.03,9.979818,0.991927,motorbike,2,29-X1|688.03
597,12,"219,465,348,557",0.926064,,0.0,0.0,,0,
597,13,"464,68,478,93",0.222435,,0.0,0.0,,0,
598,12,"214,462,345,555",0.923335,29-X1 688.03,9.83787,0.935148,motorbike,2,29-X1|688.03
598,13,"464,69,478,93",0.374767,,0.0,0.0,,0,
599,12,"210,459,339,553",0.929204,,0.0,0.0,,0,
599,13,"464,68,478,93",0.320469,,0.0,0.0,,0,
600,12,"204,457,336,551",0.929681,29-X1 688.03,9.950718,0.980287,motorbike,2,29-X1|688.03
600,13,"464,67,478,93",0.282104,,0.0,0.0,,0,
601,12,"200,456,331,550",0.929072,,0.0,0.0,,0,
602,12,"195,454,326,549",0.929517,29-X1 688.03,9.953758,0.981503,motorbike,2,29-X1|688.03
603,12,"191,453,323,547",0.927787,,0.0,0.0,,0,
604,12,"187,451,319,545",0.921933,29-X1 688.03,9.952695,0.981078,motorbike,2,29-X1|688.03
605,12,"181,448,315,544",0.921639,,0.0,0.0,,0,
606,12,"178,447,312,542",0.924283,29-X1 688.03,9.853754,0.941502,motorbike,2,29-X1|688.03
607,12,"174,445,308,541",0.923665,,0.0,0.0,,0,
608,12,"172,444,305,540",0.931198,29-X1 688.03,9.520019,0.808008,motorbike,2,29-X1|688.03
609,12,"168,443,302,539",0.92066,,0.0,0.0,,0,
610,12,"166,442,299,538",0.919901,29-M1 688.03,9.125034,0.650014,motorbike,2,29-M1|688.03
611,12,"163,440,297,537",0.922747,,0.0,0.0,,0,
612,12,"161,439,295,536",0.923667,29-X1 688.03,9.74018,0.896072,motorbike,2,29-X1|688.03
613,12,"160,439,294,535",0.922788,,0.0,0.0,,0,
614,12,"157,437,293,535",0.925907,29-X1 688.03,9.936953,0.974781,motorbike,2,29-X1|688.03
615,12,"155,436,290,535",0.929726,,0.0,0.0,,0,
616,12,"152,435,288,535",0.926531,29-X1 688.03,9.8436,0.93744,motorbike,2,29-X1|688.03
617,12,"148,435,285,535",0.922883,,0.0,0.0,,0,
618,12,"144,435,280,534",0.933771,29-X1 688.03,9.760292,0.904117,motorbike,2,29-X1|688.03
619,12,"139,435,275,533",0.931444,,0.0,0.0,,0,
620,12,"135,433,271,533",0.929727,29-X1 688.03,9.873615,0.949446,motorbike,2,29-X1|688.03
621,12,"128,432,266,532",0.92952,,0.0,0.0,,0,
622,12,"120,429,260,531",0.924571,29-X1 688.03,9.943528,0.977411,motorbike,2,29-X1|688.03
623,12,"113,427,253,530",0.921966,,0.0,0.0,,0,
624,12,"104,424,245,528",0.923273,29-X1 688.03,9.917588,0.967035,motorbike,2,29-X1|688.03
625,12,"94,422,238,526",0.924175,,0.0,0.0,,0,
626,12,"84,420,229,524",0.925828,29-X1 688.03,9.635489,0.854195,motorbike,2,29-X1|688.03
627,12,"73,418,219,523",0.929978,,0.0,0.0,,0,
628,12,"65,416,208,521",0.922688,29T-688.03,9.311199,0.72448,car,2,29T|688.03
629,12,"52,414,198,520",0.926846,,0.0,0.0,,0,
630,12,"37,413,187,520",0.927609,29X-688.03,9.794919,0.917968,car,2,29X|688.03
631,12,"22,411,172,520",0.922622,,0.0,0.0,,0,
632,12,"3,410,158,521",0.930054,29-M1 688.03,9.84717,0.938868,motorbike,2,29-M1|688.03
633,12,"2,410,145,522",0.927493,,0.0,0.0,,0,
634,12,"2,409,128,521",0.931507,29-M1 189.03,9.115169,0.646068,motorbike,2,29-M1|189.03
635,12,"2,407,114,521",0.930926,,0.0,0.0,,0,
636,12,"3,405,97,520",0.912447,,0.0,0.0,,0,
637,12,"2,406,82,519",0.844171,,0.0,0.0,,0,
637,14,"413,494,478,604",0.384998,,0.0,0.0,,0,
638,14,"399,492,478,603",0.888927,,0.0,0.0,,0,
638,12,"2,406,64,518",0.277648,,0.0,0.0,,0,
639,14,"389,488,479,601",0.922036,,0.0,0.0,,0,
640,14,"375,486,478,600",0.925858,18G-5631,6.581395,0.552558,car,2,18-6|5631
641,14,"364,484,478,596",0.928519,,0.0,0.0,,0,
642,14,"352,482,479,596",0.926215,,0.0,0.0,,0,
643,14,"341,480,479,594",0.917292,,0.0,0.0,,0,
644,14,"331,479,476,591",0.921147,,0.0,0.0,,0,
645,14,"321,475,470,588",0.926862,,0.0,0.0,,0,
646,14,"314,476,456,584",0.931115,18-M1 5630,7.22372,0.609488,motorbike,2,18-MI|5630
647,14,"306,476,448,583",0.930388,,0.0,0.0,,0,
648,14,"298,474,441,581",0.935842,18M-5630,7.83155,0.93262,car,2,18-M|5630
649,14,"292,468,434,578",0.930334,,0.0,0.0,,0,
650,14,"285,469,428,577",0.927808,18M-563.01,8.996722,0.718689,car,2,18-M|5630L
651,14,"279,468,423,575",0.92522,,0.0,0.0,,0,
652,14,"275,466,418,575",0.928749,01B-563.05,8.660542,0.584217,car,2,018-|56305
653,14,"270,465,416,574",0.92483,,0.0,0.0,,0,
654,14,"266,463,411,573",0.926657,18M-563.02,9.68204,0.872816,car,2,18-M|56302
655,14,"263,463,407,572",0.92657,,0.0,0.0,,0,
656,14,"259,461,403,569",0.924474,18-H1 5630,7.801208,0.720483,motorbike,2,18-H1|5630
657,14,"253,459,401,570",0.918912,,0.0,0.0,,0,
658,14,"251,460,399,568",0.925012,18M-156.08,9.710494,0.884198,car,2,18-M|15608
659,14,"247,458,396,568",0.925881,,0.0,0.0,,0,
660,14,"243,458,393,569",0.927544,18M-156.30,9.493132,0.797253,car,2,18-M|15630
661,14,"240,458,390,570",0.927258,,0.0,0.0,,0,
662,14,"237,459,387,569",0.924613,18M-5630,7.918742,0.967497,car,2,18-M|5630
663,14,"235,460,382,571",0.926126,,0.0,0.0,,0,
664,14,"233,459,381,572",0.924747,18-D1 5630,8.064629,0.945852,motorbike,2,18-01|5630
665,14,"230,458,379,571",0.923773,,0.0,0.0,,0,
666,14,"225,459,377,572",0.929464,18-M1 562.06,8.802283,0.520913,motorbike,2,18-M1|56206
667,14,"224,459,371,572",0.930557,,0.0,0.0,,0,
668,14,"222,460,366,573",0.929771,18-M1 5630,8.262621,0.905048,motorbike,2,18-M1|5630
669,14,"216,460,364,574",0.932043,,0.0,0.0,,0,
670,14,"213,462,363,575",0.931922,18-M1 5630,8.120467,0.848187,motorbike,2,18-M1|5630
671,14,"213,461,361,576",0.934156,,0.0,0.0,,0,
672,14,"213,461,361,576",0.934979,,0.0,0.0,,0,
673,14,"211,461,361,578",0.936338,,0.0,0.0,,0,
674,14,"210,462,361,579",0.934125,78-B1 563.04,8.892889,0.677156,motorbike,2,7881|56304
675,14,"211,463,361,579",0.938953,,0.0,0.0,,0,
676,14,"211,463,360,579",0.938141,,0.0,0.0,,0,
677,14,"210,462,360,580",0.934105,,0.0,0.0,,0,
678,14,"209,462,361,581",0.934577,,0.0,0.0,,0,
679,14,"209,462,360,582",0.93481,,0.0,0.0,,0,
680,14,"210,463,358,582",0.933999,78M-756.30,9.343221,0.737288,car,2,78-M|75630
681,14,"208,462,356,582",0.933129,,0.0,0.0,,0,
682,14,"206,464,355,582",0.932652,18-H1 156.30,8.917186,0.566874,motorbike,2,18H1|15630
683,14,"204,463,353,581",0.932899,,0.0,0.0,,0,
684,14,"203,463,352,581",0.932352,18-T1 656.30,8.940312,0.696125,motorbike,2,18TT|65630
685,14,"203,464,351,581",0.932604,,0.0,0.0,,0,
686,14,"201,464,350,581",0.933016,18-M1 563.08,9.222045,0.688818,motorbike,2,18-M1|56308
687,14,"199,463,349,581",0.934377,,0.0,0.0,,0,
688,14,"198,463,347,581",0.935721,18-M1 5630,8.000392,0.800157,motorbike,2,18-M1|5630
689,14,"196,463,346,581",0.936726,,0.0,0.0,,0,
690,14,"194,463,345,581",0.937812,18M-563.05,9.080927,0.632371,car,2,18-M|56305
691,14,"193,463,345,582",0.935927,,0.0,0.0,,0,
692,14,"191,463,343,582",0.936885,18M-563.01,9.16479,0.665916,car,2,18-M|56301
693,14,"189,464,342,583",0.93322,,0.0,0.0,,0,
694,14,"188,464,340,583",0.931404,18-M1 5630,8.267255,0.906902,motorbike,2,18-M1|5630
695,14,"187,464,340,583",0.933774,,0.0,0.0,,0,
696,14,"187,464,340,583",0.934655,18-M1 563.01,8.523732,0.409493,motorbike,2,18-M1|56301
