epoch,time,train/box_loss,train/cls_loss,train/dfl_loss,metrics/precision(B),metrics/recall(B),metrics/mAP50(B),metrics/mAP50-95(B),val/box_loss,val/cls_loss,val/dfl_loss,lr/pg0,lr/pg1,lr/pg2
1,12.0721,0.96139,3.68256,1.0639,0.00333,1,0.55673,0.44469,1.0008,2.77356,0.95182,2.4e-05,2.4e-05,0.076024
2,15.8275,0.96655,2.03008,0.95892,0.00685,0.9375,0.87833,0.69569,0.85442,2.60162,0.89364,4.81915e-05,4.81915e-05,0.0510482
3,19.458,0.93031,1.35962,0.92275,0.00679,1,0.95962,0.77249,0.8525,2.11335,0.86115,7.1558e-05,7.1558e-05,0.0260716
4,22.8843,0.92219,1.17154,0.90149,1,0.9085,0.995,0.79026,0.85282,1.77152,0.85187,9.40995e-05,9.40995e-05,0.0010941
5,26.5321,0.8854,1.07547,0.89426,0.9995,1,0.995,0.74224,0.91481,1.11297,0.85933,9.34e-05,9.34e-05,9.34e-05
6,30.1918,0.88919,1.03221,0.88836,0.99669,1,0.995,0.75338,0.91762,0.82465,0.86504,9.175e-05,9.175e-05,9.175e-05
7,33.7589,0.87663,0.97286,0.89637,0.9965,1,0.995,0.75658,0.88291,0.76384,0.86511,9.01e-05,9.01e-05,9.01e-05
8,37.3592,0.87299,0.92421,0.91552,0.99647,1,0.995,0.77617,0.85832,0.69954,0.86298,8.845e-05,8.845e-05,8.845e-05
9,40.9854,0.86371,0.90588,0.89649,0.9963,1,0.995,0.7735,0.84622,0.67393,0.86352,8.68e-05,8.68e-05,8.68e-05
10,44.7008,0.84232,0.87114,0.9004,0.9961,1,0.995,0.78808,0.81959,0.63619,0.859,8.515e-05,8.515e-05,8.515e-05
11,48.3716,0.85159,0.85638,0.89385,0.99612,1,0.995,0.78357,0.82231,0.61024,0.86082,8.35e-05,8.35e-05,8.35e-05
12,51.9686,0.78785,0.83068,0.89079,0.99618,1,0.995,0.77363,0.88208,0.61177,0.87415,8.185e-05,8.185e-05,8.185e-05
13,55.5043,0.79685,0.82185,0.86684,0.99628,1,0.995,0.75939,0.89182,0.60743,0.87413,8.02e-05,8.02e-05,8.02e-05
14,59.0331,0.76715,0.79922,0.88266,0.99625,1,0.995,0.7708,0.90603,0.58782,0.86522,7.855e-05,7.855e-05,7.855e-05
15,62.4081,0.76063,0.77111,0.87397,0.99616,1,0.995,0.77948,0.86989,0.5788,0.85554,7.69e-05,7.69e-05,7.69e-05
16,65.9104,0.74611,0.74642,0.88045,0.99613,1,0.995,0.79105,0.84864,0.57538,0.85167,7.525e-05,7.525e-05,7.525e-05
17,69.4623,0.7654,0.74673,0.87187,0.9961,1,0.995,0.79066,0.87103,0.57022,0.85407,7.36e-05,7.36e-05,7.36e-05
18,73.0218,0.74034,0.72459,0.84816,0.9962,1,0.995,0.77743,0.86863,0.5685,0.85249,7.195e-05,7.195e-05,7.195e-05
19,76.4702,0.71801,0.72931,0.85128,0.99626,1,0.995,0.77714,0.89415,0.56559,0.8502,7.03e-05,7.03e-05,7.03e-05
20,79.8752,0.71082,0.71784,0.8525,0.99626,1,0.995,0.76079,0.90358,0.55947,0.84922,6.865e-05,6.865e-05,6.865e-05
21,83.3304,0.69549,0.70044,0.84656,0.99623,1,0.995,0.78705,0.88666,0.5479,0.84393,6.7e-05,6.7e-05,6.7e-05
22,86.9382,0.68389,0.69187,0.8582,0.99643,1,0.995,0.77956,0.90785,0.55938,0.83952,6.535e-05,6.535e-05,6.535e-05
23,90.4948,0.7035,0.69997,0.85544,0.99629,1,0.995,0.77153,0.88832,0.55603,0.83691,6.37e-05,6.37e-05,6.37e-05
24,94.069,0.68124,0.6886,0.83759,0.99654,1,0.995,0.78954,0.86085,0.54563,0.83278,6.205e-05,6.205e-05,6.205e-05
25,97.6302,0.67085,0.69729,0.82167,0.99649,1,0.995,0.79012,0.8654,0.54765,0.83446,6.04e-05,6.04e-05,6.04e-05
26,101.159,0.63636,0.69053,0.82924,0.99658,1,0.995,0.77481,0.93024,0.54706,0.84773,5.875e-05,5.875e-05,5.875e-05
27,104.712,0.66015,0.66812,0.8377,0.99649,1,0.995,0.76922,0.939,0.55065,0.85267,5.71e-05,5.71e-05,5.71e-05
28,108.198,0.64183,0.66162,0.84422,0.99653,1,0.995,0.77291,0.87311,0.54052,0.84675,5.545e-05,5.545e-05,5.545e-05
29,111.615,0.6408,0.65601,0.84159,0.99653,1,0.995,0.78496,0.82739,0.53358,0.83935,5.38e-05,5.38e-05,5.38e-05
30,115.298,0.6232,0.66295,0.83466,0.99654,1,0.995,0.78129,0.82134,0.54248,0.83661,5.215e-05,5.215e-05,5.215e-05
31,118.937,0.65031,0.66841,0.85256,0.99667,1,0.995,0.78967,0.89923,0.56729,0.85051,5.05e-05,5.05e-05,5.05e-05
32,122.441,0.63607,0.66748,0.83024,0.99656,1,0.995,0.79015,0.90185,0.56453,0.85112,4.885e-05,4.885e-05,4.885e-05
33,126.046,0.59027,0.63767,0.82714,0.99649,1,0.995,0.79055,0.86838,0.55264,0.84349,4.72e-05,4.72e-05,4.72e-05
34,129.707,0.63247,0.6456,0.82594,0.99652,1,0.995,0.79055,0.84802,0.54401,0.84101,4.555e-05,4.555e-05,4.555e-05
35,133.315,0.58143,0.63222,0.82316,0.99645,1,0.995,0.79348,0.86543,0.5316,0.85266,4.39e-05,4.39e-05,4.39e-05
36,136.758,0.58834,0.6357,0.82958,0.99634,1,0.995,0.7872,0.88812,0.52999,0.86358,4.225e-05,4.225e-05,4.225e-05
37,140.331,0.56702,0.63341,0.83085,0.99646,1,0.995,0.7753,0.92621,0.53678,0.87261,4.06e-05,4.06e-05,4.06e-05
38,143.768,0.56301,0.6206,0.8221,0.99648,1,0.995,0.77472,0.91393,0.54378,0.85668,3.895e-05,3.895e-05,3.895e-05
39,147.263,0.54891,0.60892,0.81719,0.99637,1,0.995,0.77609,0.90542,0.54187,0.84727,3.73e-05,3.73e-05,3.73e-05
40,150.74,0.56334,0.62185,0.82237,0.9965,1,0.995,0.77342,0.91368,0.54663,0.8468,3.565e-05,3.565e-05,3.565e-05
41,154.153,0.54293,0.61339,0.83001,0.99652,1,0.995,0.76448,0.92074,0.54318,0.8468,3.4e-05,3.4e-05,3.4e-05
42,157.693,0.53679,0.604,0.80315,0.99644,1,0.995,0.77758,0.92283,0.54428,0.85184,3.235e-05,3.235e-05,3.235e-05
43,161.186,0.52629,0.60359,0.81222,0.99653,1,0.995,0.77758,0.91976,0.53871,0.85342,3.07e-05,3.07e-05,3.07e-05
44,164.701,0.52882,0.60798,0.83296,0.99647,1,0.995,0.77804,0.89746,0.52783,0.85048,2.905e-05,2.905e-05,2.905e-05
45,168.108,0.53924,0.61041,0.79607,0.99645,1,0.995,0.77804,0.8819,0.52176,0.84688,2.74e-05,2.74e-05,2.74e-05
46,171.61,0.52689,0.60203,0.80537,0.99649,1,0.995,0.78309,0.87076,0.5163,0.84579,2.575e-05,2.575e-05,2.575e-05
47,175.076,0.50245,0.59701,0.7962,0.99651,1,0.995,0.77424,0.90273,0.51793,0.85253,2.41e-05,2.41e-05,2.41e-05
48,178.515,0.49412,0.57449,0.78846,0.99641,1,0.995,0.77424,0.91364,0.5227,0.85587,2.245e-05,2.245e-05,2.245e-05
49,182.007,0.49647,0.58507,0.79519,0.99629,1,0.995,0.76119,0.92131,0.52395,0.85558,2.08e-05,2.08e-05,2.08e-05
50,185.533,0.49289,0.58944,0.81058,0.99634,1,0.995,0.75816,0.92571,0.52009,0.8568,1.915e-05,1.915e-05,1.915e-05
51,189.083,0.49324,0.58982,0.80398,0.99632,1,0.995,0.76081,0.92664,0.51958,0.85441,1.75e-05,1.75e-05,1.75e-05
52,192.509,0.50377,0.59068,0.80884,0.99639,1,0.995,0.75797,0.92128,0.51609,0.85362,1.585e-05,1.585e-05,1.585e-05
53,196.046,0.472,0.57212,0.81301,0.99636,1,0.995,0.76038,0.92331,0.51972,0.85441,1.42e-05,1.42e-05,1.42e-05
54,199.595,0.46892,0.58292,0.79397,0.9964,1,0.995,0.77478,0.92833,0.52028,0.8559,1.255e-05,1.255e-05,1.255e-05
55,203.039,0.45825,0.5663,0.78951,0.99637,1,0.995,0.75454,0.93421,0.52012,0.85709,1.09e-05,1.09e-05,1.09e-05
